method,path,line,function,auth,roles,request_model,response_shape,db_tables_touched_static,external_integration,frontend_callers,coverage_status
GET,/,7403,serve_index,PUBLIC,none,query/path params or none,dynamic JSON/HTML/FileResponse,none detected in handler,none detected in handler,none statically matched,TESTED
GET,/account-action-requests,3767,list_account_action_requests,AUTHENTICATED,"admin,manager",query/path params or none,dynamic JSON/HTML/FileResponse,"account_action_requests, users",none detected in handler,index.html:21609 (requestOrDeleteEmployee); index.html:21639 (renderAccountActionRequests); index.html:21732 (bulkResolveAccountActionRequests),NOT TESTED
POST,/account-action-requests,3742,create_account_action_request,AUTHENTICATED,"manager,staff",data:AccountActionRequestCreate,dynamic JSON/HTML/FileResponse,"account_action_requests, users",none detected in handler,index.html:21609 (requestOrDeleteEmployee); index.html:21639 (renderAccountActionRequests); index.html:21732 (bulkResolveAccountActionRequests),NOT TESTED
GET,/account-action-requests/history,3775,list_account_action_request_history,AUTHENTICATED,"admin,manager",limit:int; offset:int,dynamic JSON/HTML/FileResponse,"account_action_requests, users",none detected in handler,none statically matched,NOT TESTED
POST,/account-action-requests/{request_id}/{resolution},3783,resolve_account_action_request,AUTHENTICATED,admin,request_id:int; resolution:str,dynamic JSON/HTML/FileResponse,"account_action_requests, users",none detected in handler,index.html:21709 (resolveAccountActionRequest); index.html:21750 (bulkResolveAccountActionRequests),NOT TESTED
POST,/ai/chat,7389,ai_chat,PUBLIC,none,req:ChatRequest,dynamic JSON/HTML/FileResponse,"products, users",none detected in handler,index.html:26745 (sendAIChat),NOT TESTED
GET,/ai/insights,7382,ai_insights,PUBLIC,none,query/path params or none,dynamic JSON/HTML/FileResponse,"products, users",none detected in handler,index.html:26596 (fetchAIInsights),NOT TESTED
POST,/ai/scan-barcode,6158,scan_barcode,AUTHENTICATED,any authenticated,req:BarcodeScanRequest,dynamic JSON/HTML/FileResponse,"general_catalog, users",none detected in handler,index.html:22378 (lookupBarcode),NOT TESTED
POST,/ai/scan-invoice,7352,scan_invoice,PUBLIC,none,req:InvoiceScanRequest,dynamic JSON/HTML/FileResponse,users,AI provider,index.html:26121 (captureSnapshotAndAnalyze); index.html:26155 (handleGlobalBulkInvoiceUpload),NOT TESTED
POST,/ai/suggest-margin,7346,suggest_margin,PUBLIC,none,req:MarginRequest,dynamic JSON/HTML/FileResponse,"products, users",none detected in handler,index.html:22276 (runProductAiMarginAdvice); index.html:22297 (runEditAiMarginAdvice),NOT TESTED
GET,/alerts,6068,get_alerts,AUTHENTICATED,any authenticated,query/path params or none,dynamic JSON/HTML/FileResponse,users,none detected in handler,index.html:26535 (refreshNotificationBadge); index.html:26575 (renderAlerts),NOT TESTED
POST,/alerts/{alert_id}/read,6072,read_alert,AUTHENTICATED,any authenticated,alert_id:int,dynamic JSON/HTML/FileResponse,"alert_reads, alerts, users",none detected in handler,index.html:26577 (markAlertRead),NOT TESTED
GET,/audit-logs,3834,list_audit_logs,AUTHENTICATED,"admin,manager",limit:int; offset:int; q:Optional[str]; actor_username:Optional[str]; action:Optional[str]; date_from:Optional[str]; date_to:Optional[str],dynamic JSON/HTML/FileResponse,"audit_logs, users",none detected in handler,index.html:21990 (renderAuditLog),NOT TESTED
GET,/audit-logs/actions,3906,list_audit_log_actions,AUTHENTICATED,"admin,manager",query/path params or none,dynamic JSON/HTML/FileResponse,"audit_logs, users",none detected in handler,index.html:21769 (populateAuditLogFilterOptions),NOT TESTED
GET,/audit-logs/export,3872,export_audit_logs_csv,AUTHENTICATED,"admin,manager",q:Optional[str]; actor_username:Optional[str]; action:Optional[str]; date_from:Optional[str]; date_to:Optional[str],dynamic JSON/HTML/FileResponse,users,none detected in handler,none statically matched,NOT TESTED
GET,/audit-logs/export/xlsx,3889,export_audit_logs_xlsx,AUTHENTICATED,"admin,manager",q:Optional[str]; actor_username:Optional[str]; action:Optional[str]; date_from:Optional[str]; date_to:Optional[str],dynamic JSON/HTML/FileResponse,users,none detected in handler,none statically matched,NOT TESTED
DELETE,/auth/account,3406,delete_own_account,AUTHENTICATED,admin,query/path params or none,dynamic JSON/HTML/FileResponse,users,none detected in handler,none statically matched,NOT TESTED
POST,/auth/admin-login,3214,admin_login,PUBLIC,none,data:AdminLoginRequest,dynamic JSON/HTML/FileResponse,business_profile,none detected in handler,none statically matched,PARTIALLY TESTED
POST,/auth/change-password,3389,change_password,PUBLIC,none,data:PasswordChangeRequest,dynamic JSON/HTML/FileResponse,users,none detected in handler,index.html:20437 (handleMandatoryPasswordChange),NOT TESTED
POST,/auth/clear-client-session,3644,clear_client_session,PUBLIC,none,query/path params or none,dynamic JSON/HTML/FileResponse,none detected in handler,none detected in handler,index.html:19701 (confirmFullAppReset),NOT TESTED
POST,/auth/employee-login,3223,employee_login,PUBLIC,none,data:EmployeeLoginRequest,dynamic JSON/HTML/FileResponse,business_profile,none detected in handler,none statically matched,PARTIALLY TESTED
POST,/auth/forgot-password,3473,forgot_password,PUBLIC,none,payload:ForgotPasswordRequest,dynamic JSON/HTML/FileResponse,"password_recoveries, users",none detected in handler,index.html:18633 (handleForgotPassword); index.html:18658 (resendForgotPasswordCode),NOT TESTED
POST,/auth/logout,3250,auth_logout,PUBLIC,none,token:str; refresh_token:Optional[str],dynamic JSON/HTML/FileResponse,"presence_sessions, refresh_sessions, session_revocations, users",none detected in handler,index.html:19613 (handleSignOut),PARTIALLY TESTED
GET,/auth/me,3245,auth_me,PUBLIC,none,query/path params or none,dynamic JSON/HTML/FileResponse,"business_profile, users",none detected in handler,index.html:24298 (validateAuthenticationSession),PARTIALLY TESTED
POST,/auth/refresh,3276,auth_refresh,PUBLIC,none,refresh_token:Optional[str],dynamic JSON/HTML/FileResponse,"refresh_sessions, users",none detected in handler,index.html:24117 (refreshAccessToken),PARTIALLY TESTED
POST,/auth/register-business,3016,register_business,PUBLIC,none,data:RegisterBusinessRequest,dynamic JSON/HTML/FileResponse,"business_profile, business_subscriptions, onboarding_authorizations, users, warehouses",Paystack,index.html:20116 (handleRegisterBusinessSubmit),PARTIALLY TESTED
POST,/auth/reset-password,3541,reset_password,PUBLIC,none,payload:PasswordResetRequest,dynamic JSON/HTML/FileResponse,"password_recoveries, users",none detected in handler,index.html:18680 (handlePasswordRecoveryReset),NOT TESTED
POST,/auth/verify-business,3152,verify_business,PUBLIC,none,data:BusinessVerifyRequest,dynamic JSON/HTML/FileResponse,none detected in handler,none detected in handler,index.html:20204 (verifyBusinessCodeServerSide),NOT TESTED
GET,/business-brain,4996,business_brain,PUBLIC,none,query/path params or none,dynamic JSON/HTML/FileResponse,"business_brain_memories, business_brain_predictions, business_brain_recommendations, business_profile, products, users",none detected in handler,index.html:24762 (fetchBusinessBrain),NOT TESTED
POST,/business-brain/recommendations/{recommendation_id}/action,5032,action_business_brain_recommendation,PUBLIC,none,recommendation_id:int; payload:BusinessBrainRecommendationAction,dynamic JSON/HTML/FileResponse,"business_brain_recommendations, users",none detected in handler,index.html:24926 (updateBusinessBrainRecommendation),NOT TESTED
GET,/business-days/reopen-requests,5819,list_business_day_reopen_requests,AUTHENTICATED,"admin,manager",query/path params or none,dynamic JSON/HTML/FileResponse,"business_day_reopen_requests, users",none detected in handler,index.html:23093 (fetchPendingReopenRequests),PARTIALLY TESTED
GET,/business-days/reopen-requests/history,5837,list_business_day_reopen_request_history,AUTHENTICATED,admin,limit:int,dynamic JSON/HTML/FileResponse,"business_day_reopen_requests, users",none detected in handler,none statically matched,PARTIALLY TESTED
POST,/business-days/reopen-requests/{request_id}/{resolution},5849,resolve_business_day_reopen_request,AUTHENTICATED,admin,request_id:int; resolution:str; data:BusinessDayReopenResolution,dynamic JSON/HTML/FileResponse,"business_day_reopen_requests, business_days, users",none detected in handler,index.html:23106 (resolveBusinessDayReopenRequestFromPanel),NOT TESTED
POST,/business-days/{business_day_id}/close,5756,close_business_day_by_id,AUTHENTICATED,"admin,manager,staff",business_day_id:int,dynamic JSON/HTML/FileResponse,"business_days, users",none detected in handler,index.html:23073 (closeHistoricalBusinessDay),NOT TESTED
POST,/business-days/{business_day_id}/direct-reopen,5900,direct_reopen_business_day,AUTHENTICATED,admin,business_day_id:int; data:BusinessDayReopenRequestCreate,dynamic JSON/HTML/FileResponse,"business_days, users",none detected in handler,index.html:23055 (directReopenBusinessDay),NOT TESTED
POST,/business-days/{business_day_id}/reopen-request,5796,request_business_day_reopen,AUTHENTICATED,manager,business_day_id:int; data:BusinessDayReopenRequestCreate,dynamic JSON/HTML/FileResponse,"business_day_reopen_requests, business_days, users",filesystem,index.html:23039 (requestBusinessDayReopen),NOT TESTED
GET,/business-days/{business_day_id}/timeline,5773,business_day_timeline,AUTHENTICATED,staff,business_day_id:int,dynamic JSON/HTML/FileResponse,"audit_logs, business_days, users",none detected in handler,index.html:23132 (loadBusinessDayActivity); index.html:23447 (toggleSalesHistoryDayTimeline),NOT TESTED
DELETE,/business-profile/,3606,delete_business_profile,AUTHENTICATED,admin,query/path params or none,dynamic JSON/HTML/FileResponse,"account_action_requests, alert_reads, alerts, audit_logs, business_days, business_profile, password_recoveries, presence_sessions, price_history, price_monitor_sources, product_deletion_requests, products, purchase_orders, refresh_sessions, sales, session_revocations, stored_uploads, suppliers, users, warehouse_stocks, warehouses",filesystem,index.html:19733 (confirmDeleteBusinessProfile); index.html:20542 (openSettingsModal); index.html:22040 (saveCompanySettings),NOT TESTED
GET,/business-profile/,3575,get_business_profile,PUBLIC,none,query/path params or none,BusinessProfileSchema,"business_profile, users",none detected in handler,index.html:19733 (confirmDeleteBusinessProfile); index.html:20542 (openSettingsModal); index.html:22040 (saveCompanySettings),NOT TESTED
POST,/business-profile/,3581,update_business_profile,AUTHENTICATED,admin,profile_data:BusinessProfileSchema,BusinessProfileSchema,"business_profile, users",none detected in handler,index.html:19733 (confirmDeleteBusinessProfile); index.html:20542 (openSettingsModal); index.html:22040 (saveCompanySettings),NOT TESTED
GET,/expenses/,5145,list_expenses,AUTHENTICATED,"admin,manager,staff",category:Optional[str]; payment_source:Optional[str]; user_id:Optional[int]; search:Optional[str]; date_from:Optional[str]; date_to:Optional[str]; limit:int; offset:int,dynamic JSON/HTML/FileResponse,"business_profile, expenses, users",none detected in handler,index.html:23721 (handleRecordExpense); index.html:23959 (loadExpenseHistory),PARTIALLY TESTED
POST,/expenses/,5061,create_expense,AUTHENTICATED,"admin,manager,staff",data:ExpenseCreate,dynamic JSON/HTML/FileResponse,"expenses, users",none detected in handler,index.html:23721 (handleRecordExpense); index.html:23959 (loadExpenseHistory),PARTIALLY TESTED
GET,/expenses/categories,5057,list_expense_categories,AUTHENTICATED,any authenticated,query/path params or none,dynamic JSON/HTML/FileResponse,users,none detected in handler,index.html:23663 (ensureExpenseCategoriesLoaded),PARTIALLY TESTED
GET,/expenses/export,5192,export_expenses_csv,AUTHENTICATED,"admin,manager,staff",category:Optional[str]; payment_source:Optional[str]; user_id:Optional[int]; search:Optional[str]; date_from:Optional[str]; date_to:Optional[str],dynamic JSON/HTML/FileResponse,"business_profile, expenses, users",none detected in handler,none statically matched,NOT TESTED
GET,/expenses/export/xlsx,5211,export_expenses_xlsx,AUTHENTICATED,"admin,manager,staff",category:Optional[str]; payment_source:Optional[str]; user_id:Optional[int]; search:Optional[str]; date_from:Optional[str]; date_to:Optional[str],dynamic JSON/HTML/FileResponse,"business_profile, expenses, users",none detected in handler,none statically matched,NOT TESTED
GET,/expenses/{expense_id}/adjustments,5995,list_expense_adjustments,AUTHENTICATED,staff,expense_id:int,dynamic JSON/HTML/FileResponse,"expense_adjustments, expenses, users",none detected in handler,none statically matched,PARTIALLY TESTED
POST,/expenses/{expense_id}/adjustments,5970,create_expense_adjustment,AUTHENTICATED,admin,expense_id:int; data:RecordAdjustmentRequest,dynamic JSON/HTML/FileResponse,"business_days, expense_adjustments, expenses, users",none detected in handler,none statically matched,PARTIALLY TESTED
POST,/export/xlsx,5249,export_generic_xlsx,AUTHENTICATED,any authenticated,payload:XlsxExportRequest,dynamic JSON/HTML/FileResponse,users,none detected in handler,index.html:19006 (runExcelExport),NOT TESTED
GET,/financial-summary,5509,financial_summary,AUTHENTICATED,staff,period:str; custom_start:Optional[str]; custom_end:Optional[str],dynamic JSON/HTML/FileResponse,"business_profile, expenses, users",none detected in handler,index.html:23333 (loadSalesHistoryPeriodTotal); index.html:23781 (loadExpenseHistoryFinancialTotal); index.html:24521 (loadProfitDashboardCards); index.html:24644 (loadProfitData); index.html:24657 (loadProfitData),NOT TESTED
GET,/financial-summary/breakdown,5521,financial_summary_breakdown,AUTHENTICATED,staff,period:str; custom_start:Optional[str]; custom_end:Optional[str],dynamic JSON/HTML/FileResponse,"business_profile, expenses, products, sales, users",none detected in handler,index.html:24645 (loadProfitData),NOT TESTED
GET,/general-catalog,6167,search_general_catalog,AUTHENTICATED,any authenticated,barcode:Optional[str]; limit:int; offset:int,dynamic JSON/HTML/FileResponse,"general_catalog, users",none detected in handler,none statically matched,NOT TESTED
GET,/health,7399,health,PUBLIC,none,query/path params or none,dynamic JSON/HTML/FileResponse,none detected in handler,none detected in handler,index.html:2839 (isBackendReachable),PARTIALLY TESTED
POST,/onboarding/payment/confirm,6537,onboarding_payment_confirm,PUBLIC,none,data:OnboardingPaymentConfirmRequest,dynamic JSON/HTML/FileResponse,onboarding_authorizations,Paystack,index.html:21102 (handlePaystackReturn),NOT TESTED
POST,/onboarding/payment/init,6489,onboarding_payment_init,PUBLIC,none,data:OnboardingPaymentInitRequest,dynamic JSON/HTML/FileResponse,onboarding_authorizations,Paystack,index.html:20051 (startOnboardingPaymentVerification),NOT TESTED
GET,/plans,1209,list_public_plans,PUBLIC,none,query/path params or none,dynamic JSON/HTML/FileResponse,none detected in handler,none detected in handler,index.html:19916 (loadPublicPlanCatalog),TESTED
POST,/presence/heartbeat,6012,presence_heartbeat,AUTHENTICATED,any authenticated,payload:PresenceHeartbeatRequest,dynamic JSON/HTML/FileResponse,"presence_sessions, users",none detected in handler,index.html:19586 (startPresenceHeartbeat),NOT TESTED
POST,/presence/logout,6019,presence_logout,AUTHENTICATED,any authenticated,payload:PresenceHeartbeatRequest,dynamic JSON/HTML/FileResponse,"presence_sessions, users",none detected in handler,index.html:19578 (endPresenceSession),NOT TESTED
GET,/presence/team,6027,team_presence,AUTHENTICATED,"admin,manager,staff",query/path params or none,dynamic JSON/HTML/FileResponse,"presence_sessions, users",none detected in handler,index.html:23523 (loadTeamPresence),NOT TESTED
GET,/price-monitor,6082,price_monitor,AUTHENTICATED,any authenticated,query/path params or none,dynamic JSON/HTML/FileResponse,"price_history, price_monitor_sources, products, suppliers, users",none detected in handler,index.html:26043 (loadPriceMonitor),NOT TESTED
POST,/price-monitor/sources,6096,create_price_source,AUTHENTICATED,any authenticated,payload:PriceSourceCreate,dynamic JSON/HTML/FileResponse,"business_profile, price_monitor_sources, products, suppliers, users",none detected in handler,index.html:26079 (createPriceSource),NOT TESTED
POST,/price-monitor/upload-price-list,6121,upload_price_list,AUTHENTICATED,any authenticated,payload:PriceListUploadRequest,dynamic JSON/HTML/FileResponse,"price_history, price_monitor_sources, products, suppliers, users",none detected in handler,index.html:26078 (uploadSelectedPriceList),NOT TESTED
POST,/price-monitor/{source_id}/check,6112,check_price_source,AUTHENTICATED,any authenticated,source_id:int,dynamic JSON/HTML/FileResponse,"price_history, price_monitor_sources, suppliers, users",none detected in handler,index.html:26080 (checkPriceSource),NOT TESTED
POST,/price-monitor/{source_id}/price,6106,manual_price_update,AUTHENTICATED,any authenticated,source_id:int; payload:ManualPriceUpdate,dynamic JSON/HTML/FileResponse,"price_history, price_monitor_sources, suppliers, users",none detected in handler,index.html:26081 (manualPriceUpdate),NOT TESTED
GET,/product-deletion-requests,4199,list_product_deletion_requests,AUTHENTICATED,admin,query/path params or none,dynamic JSON/HTML/FileResponse,"product_deletion_requests, products, users",none detected in handler,index.html:26492 (renderProductDeletionRequests),NOT TESTED
POST,/product-deletion-requests/{request_id}/{resolution},4205,resolve_product_deletion,AUTHENTICATED,admin,request_id:int; resolution:str,dynamic JSON/HTML/FileResponse,"product_deletion_requests, products, users",none detected in handler,index.html:26507 (resolveProductDeletion),NOT TESTED
GET,/products/,4011,list_products,AUTHENTICATED,any authenticated,limit:int; offset:int; warehouse:Optional[str]; stock_status:Optional[str],dynamic JSON/HTML/FileResponse,"products, users, warehouse_stocks",none detected in handler,index.html:24388 (loadInventoryView); index.html:25058 (runLoadData); index.html:25464 (handleCreateProduct),NOT TESTED
POST,/products/,4085,create_product,AUTHENTICATED,staff,data:ProductCreate,dynamic JSON/HTML/FileResponse,"business_profile, products, users, warehouse_stocks, warehouses",none detected in handler,index.html:24388 (loadInventoryView); index.html:25058 (runLoadData); index.html:25464 (handleCreateProduct),NOT TESTED
GET,/products/financial-intelligence,4307,financial_intelligence,PUBLIC,none,query/path params or none,dynamic JSON/HTML/FileResponse,"business_days, business_profile, products, sales, users, warehouse_stocks",none detected in handler,index.html:19680 (confirmClearInventoryData); index.html:24492 (loadFinancialHealthCards); index.html:25587 (handleUpdateProductCombined); index.html:25679 (deleteProduct); index.html:26275 (renderPredictiveMonitor),NOT TESTED
GET,/products/inventory-summary,4060,inventory_summary,AUTHENTICATED,any authenticated,warehouse:Optional[str],dynamic JSON/HTML/FileResponse,"products, users, warehouse_stocks",none detected in handler,index.html:19680 (confirmClearInventoryData); index.html:24398 (loadInventoryView); index.html:25587 (handleUpdateProductCombined); index.html:25679 (deleteProduct),NOT TESTED
GET,/products/predictive-forecast,4275,predictive_forecast,PUBLIC,none,query/path params or none,dynamic JSON/HTML/FileResponse,"business_days, products, sales, users",none detected in handler,index.html:19680 (confirmClearInventoryData); index.html:25587 (handleUpdateProductCombined); index.html:25679 (deleteProduct),NOT TESTED
DELETE,/products/{product_id},4186,delete_product,AUTHENTICATED,"manager,staff",product_id:int,dynamic JSON/HTML/FileResponse,"product_deletion_requests, products, users",none detected in handler,index.html:19680 (confirmClearInventoryData); index.html:24398 (loadInventoryView); index.html:24492 (loadFinancialHealthCards); index.html:25587 (handleUpdateProductCombined); index.html:25679 (deleteProduct); index.html:26275 (renderPredictiveMonitor),NOT TESTED
PATCH,/products/{product_id},4110,update_product,AUTHENTICATED,staff,product_id:int; data:ProductUpdate,dynamic JSON/HTML/FileResponse,"products, users, warehouse_stocks, warehouses",none detected in handler,index.html:19680 (confirmClearInventoryData); index.html:24398 (loadInventoryView); index.html:24492 (loadFinancialHealthCards); index.html:25587 (handleUpdateProductCombined); index.html:25679 (deleteProduct); index.html:26275 (renderPredictiveMonitor),NOT TESTED
PATCH,/products/{product_id}/stock,4220,update_stock,AUTHENTICATED,any authenticated,product_id:int; data:StockUpdate,dynamic JSON/HTML/FileResponse,"products, users, warehouse_stocks, warehouses",none detected in handler,index.html:25426 (adjustQuickStock),NOT TESTED
PATCH,/products/{product_id}/transfer,4245,transfer_stock,AUTHENTICATED,staff,product_id:int; data:StockTransfer,dynamic JSON/HTML/FileResponse,"products, users, warehouse_stocks",none detected in handler,index.html:26474 (handleStockTransfer),NOT TESTED
GET,/products/{product_id}/warehouse-stocks,4266,product_warehouse_stocks,AUTHENTICATED,any authenticated,product_id:int,dynamic JSON/HTML/FileResponse,"products, users, warehouse_stocks, warehouses",none detected in handler,none statically matched,NOT TESTED
DELETE,/purchase-orders,5357,delete_all_pos,AUTHENTICATED,admin,query/path params or none,dynamic JSON/HTML/FileResponse,"purchase_orders, users",none detected in handler,index.html:25888 (loadPurchaseOrders),NOT TESTED
GET,/purchase-orders/,5307,get_purchase_orders,AUTHENTICATED,staff,query/path params or none,dynamic JSON/HTML/FileResponse,"purchase_orders, suppliers, users",none detected in handler,index.html:25888 (loadPurchaseOrders),NOT TESTED
POST,/purchase-orders/generate,5322,generate_po,AUTHENTICATED,staff,query/path params or none,dynamic JSON/HTML/FileResponse,"business_profile, products, purchase_orders, users",none detected in handler,index.html:25868 (generatePOs); index.html:25990 (editPurchaseOrder); index.html:26010 (deletePurchaseOrder); index.html:26027 (confirmDeleteAllPurchaseOrders),NOT TESTED
DELETE,/purchase-orders/{po_id},5349,delete_po,AUTHENTICATED,staff,po_id:int,dynamic JSON/HTML/FileResponse,"purchase_orders, users",none detected in handler,index.html:25868 (generatePOs); index.html:25990 (editPurchaseOrder); index.html:26010 (deletePurchaseOrder); index.html:26027 (confirmDeleteAllPurchaseOrders),NOT TESTED
PUT,/purchase-orders/{po_id},5338,update_po_draft,AUTHENTICATED,staff,po_id:int; update:PODraftUpdate,dynamic JSON/HTML/FileResponse,"purchase_orders, users",none detected in handler,index.html:25868 (generatePOs); index.html:25990 (editPurchaseOrder); index.html:26010 (deletePurchaseOrder); index.html:26027 (confirmDeleteAllPurchaseOrders),NOT TESTED
POST,/purchase-orders/{po_id}/dispatch,5363,dispatch_po,AUTHENTICATED,staff,po_id:int,dynamic JSON/HTML/FileResponse,"purchase_orders, suppliers, users",none detected in handler,none statically matched,NOT TESTED
POST,/purchase-orders/{po_id}/dispatch-email,5375,dispatch_po_email,AUTHENTICATED,staff,po_id:int,dynamic JSON/HTML/FileResponse,"purchase_orders, suppliers, users",none detected in handler,none statically matched,NOT TESTED
GET,/sales/analytics,5689,sales_analytics,AUTHENTICATED,any authenticated,query/path params or none,dynamic JSON/HTML/FileResponse,"business_days, users",none detected in handler,index.html:23156 (renderSalesChart),PARTIALLY TESTED
POST,/sales/checkout,5409,sales_checkout,AUTHENTICATED,"admin,manager,staff",payload:SalesCheckoutRequest,dynamic JSON/HTML/FileResponse,"business_days, products, sales, users, warehouse_stocks, warehouses",none detected in handler,index.html:22712 (completePOSCheckout),PARTIALLY TESTED
GET,/sales/current-day,5477,current_sales_day,AUTHENTICATED,any authenticated,query/path params or none,dynamic JSON/HTML/FileResponse,users,none detected in handler,index.html:22865 (loadBusinessDayControl),PARTIALLY TESTED
POST,/sales/end-business-day,5739,end_business_day,AUTHENTICATED,"admin,manager,staff",query/path params or none,dynamic JSON/HTML/FileResponse,users,none detected in handler,index.html:22957 (openBusinessDayHeaderClose),PARTIALLY TESTED
GET,/sales/export,5661,export_sales_csv,AUTHENTICATED,staff,period:str; custom_start:Optional[str]; custom_end:Optional[str],dynamic JSON/HTML/FileResponse,"business_profile, users",none detected in handler,none statically matched,NOT TESTED
GET,/sales/export/xlsx,5675,export_sales_xlsx,AUTHENTICATED,staff,period:str; custom_start:Optional[str]; custom_end:Optional[str],dynamic JSON/HTML/FileResponse,"business_profile, users",none detected in handler,none statically matched,NOT TESTED
GET,/sales/history,5554,sales_history,AUTHENTICATED,staff,period:str; custom_start:Optional[str]; custom_end:Optional[str],dynamic JSON/HTML/FileResponse,"business_days, business_profile, expenses, sales, users",none detected in handler,index.html:23343 (loadSalesHistory),PARTIALLY TESTED
POST,/sales/start-business-day,5491,start_business_day_endpoint,AUTHENTICATED,"admin,manager,staff",query/path params or none,dynamic JSON/HTML/FileResponse,users,none detected in handler,index.html:22935 (openBusinessDayHeaderOpen),PARTIALLY TESTED
GET,/sales/{sale_id}/adjustments,5956,list_sale_adjustments,AUTHENTICATED,staff,sale_id:int,dynamic JSON/HTML/FileResponse,"sale_adjustments, sales, users",none detected in handler,none statically matched,NOT TESTED
POST,/sales/{sale_id}/adjustments,5927,create_sale_adjustment,AUTHENTICATED,admin,sale_id:int; data:RecordAdjustmentRequest,dynamic JSON/HTML/FileResponse,"business_days, sale_adjustments, sales, users",none detected in handler,none statically matched,NOT TESTED
POST,/subscription/cancel,6830,subscription_cancel,AUTHENTICATED,admin,query/path params or none,dynamic JSON/HTML/FileResponse,"business_profile, users",Paystack,none statically matched,NOT TESTED
POST,/subscription/change-plan,6223,change_plan,AUTHENTICATED,"admin,manager,staff",data:ChangePlanRequest,dynamic JSON/HTML/FileResponse,"business_profile, price_monitor_sources, products, suppliers, users, warehouses",none detected in handler,index.html:20993 (switchPlanImmediate),NOT TESTED
POST,/subscription/checkout,6887,start_checkout,PUBLIC,none,data:CheckoutRequest,dynamic JSON/HTML/FileResponse,"business_profile, payment_records, users",Paystack,index.html:20977 (subscribeNow),NOT TESTED
POST,/subscription/downgrade,6293,schedule_downgrade,AUTHENTICATED,admin,data:DowngradeRequest,dynamic JSON/HTML/FileResponse,"business_profile, users",Paystack,index.html:21047 (confirmScheduleDowngrade),NOT TESTED
POST,/subscription/downgrade/cancel,6367,cancel_pending_downgrade,AUTHENTICATED,admin,query/path params or none,dynamic JSON/HTML/FileResponse,"business_profile, users",Paystack,index.html:21068 (cancelScheduledDowngrade),NOT TESTED
GET,/subscription/payments,6854,subscription_payments,PUBLIC,none,limit:int; offset:int,dynamic JSON/HTML/FileResponse,"payment_records, users",Paystack,index.html:20679 (loadBillingPanel),NOT TESTED
POST,/subscription/trial/cancel,6807,trial_cancel,AUTHENTICATED,admin,query/path params or none,dynamic JSON/HTML/FileResponse,"business_profile, users",Paystack,none statically matched,NOT TESTED
POST,/subscription/trial/confirm,6686,trial_confirm,PUBLIC,none,data:TrialConfirmRequest,dynamic JSON/HTML/FileResponse,"business_profile, business_subscriptions, payment_records, users",Paystack,index.html:21175 (handlePaystackReturn),NOT TESTED
POST,/subscription/trial/init,6622,trial_init,PUBLIC,none,data:TrialInitRequest,dynamic JSON/HTML/FileResponse,"business_profile, payment_records, users",Paystack,index.html:20917 (confirmStartTrial),NOT TESTED
POST,/subscription/upgrade-checkout,7038,start_upgrade_checkout,PUBLIC,none,data:UpgradeCheckoutRequest,dynamic JSON/HTML/FileResponse,"business_profile, payment_records, subscription_upgrade_quotes, users",Paystack,none statically matched,NOT TESTED
POST,/subscription/upgrade-quote,6949,create_upgrade_quote,PUBLIC,none,data:UpgradeQuoteRequest,dynamic JSON/HTML/FileResponse,"business_profile, subscription_upgrade_quotes, users",none detected in handler,none statically matched,NOT TESTED
GET,/subscription/usage,6176,subscription_usage,AUTHENTICATED,"admin,manager,staff",query/path params or none,dynamic JSON/HTML/FileResponse,"business_profile, price_monitor_sources, products, purchase_orders, stored_uploads, suppliers, users, warehouses",none detected in handler,index.html:20678 (loadBillingPanel); index.html:24468 (checkSubscriptionWarningForDashboard),NOT TESTED
GET,/suppliers/,5281,list_suppliers,AUTHENTICATED,any authenticated,limit:int; offset:int,dynamic JSON/HTML/FileResponse,"suppliers, users",none detected in handler,index.html:25059 (runLoadData); index.html:25727 (loadSuppliers); index.html:25794 (handleCreateSupplier),NOT TESTED
POST,/suppliers/,5286,create_supplier,AUTHENTICATED,staff,data:SupplierCreate,dynamic JSON/HTML/FileResponse,"business_profile, suppliers, users",none detected in handler,index.html:25059 (runLoadData); index.html:25727 (loadSuppliers); index.html:25794 (handleCreateSupplier),NOT TESTED
DELETE,/suppliers/{supplier_id},5295,delete_supplier,AUTHENTICATED,staff,supplier_id:int,dynamic JSON/HTML/FileResponse,"suppliers, users",none detected in handler,index.html:25818 (deleteSupplier),NOT TESTED
GET,/sw.js,7410,serve_service_worker,PUBLIC,none,query/path params or none,dynamic JSON/HTML/FileResponse,none detected in handler,none detected in handler,none statically matched,NOT TESTED
POST,/token,3233,login,PUBLIC,none,form_data:OAuth2PasswordRequestForm,dynamic JSON/HTML/FileResponse,business_profile,none detected in handler,none statically matched,NOT TESTED
GET,/uploads,7362,list_uploads,AUTHENTICATED,any authenticated,kind:Optional[str]; limit:int; offset:int,dynamic JSON/HTML/FileResponse,"stored_uploads, users",none detected in handler,none statically matched,NOT TESTED
GET,/uploads/{upload_id}/download,7370,download_upload,AUTHENTICATED,any authenticated,upload_id:int,dynamic JSON/HTML/FileResponse,"stored_uploads, users",filesystem,none statically matched,NOT TESTED
GET,/users,3650,list_users,AUTHENTICATED,"admin,manager,staff",limit:int; offset:int,dynamic JSON/HTML/FileResponse,users,none detected in handler,index.html:21432 (renderEmployeesList); index.html:21572 (handleCreateEmployee),NOT TESTED
POST,/users,3658,create_user,AUTHENTICATED,"admin,manager,staff",data:CreateUserRequest,dynamic JSON/HTML/FileResponse,"business_profile, users",none detected in handler,index.html:21432 (renderEmployeesList); index.html:21572 (handleCreateEmployee),NOT TESTED
DELETE,/users/{user_id},3727,delete_user,AUTHENTICATED,admin,user_id:int,dynamic JSON/HTML/FileResponse,users,none detected in handler,index.html:21597 (requestOrDeleteEmployee),NOT TESTED
PATCH,/users/{user_id}/disable,3684,disable_user,AUTHENTICATED,admin,user_id:int,dynamic JSON/HTML/FileResponse,users,none detected in handler,index.html:21624 (toggleEmployeeDisabled),NOT TESTED
PATCH,/users/{user_id}/enable,3698,enable_user,AUTHENTICATED,admin,user_id:int,dynamic JSON/HTML/FileResponse,users,none detected in handler,index.html:21624 (toggleEmployeeDisabled),NOT TESTED
PATCH,/users/{user_id}/reset-password,3709,reset_user_password,AUTHENTICATED,"admin,manager,staff",user_id:int; data:AdminPasswordResetRequest,dynamic JSON/HTML/FileResponse,users,none detected in handler,index.html:21524 (promptResetEmployeePassword); index.html:21624 (toggleEmployeeDisabled),NOT TESTED
GET,/warehouses/,3930,list_warehouses,AUTHENTICATED,any authenticated,query/path params or none,dynamic JSON/HTML/FileResponse,"users, warehouses",none detected in handler,index.html:24347 (loadWarehouses); index.html:26428 (handleCreateWarehouse),NOT TESTED
POST,/warehouses/,3935,create_warehouse,AUTHENTICATED,"admin,manager",data:WarehouseCreate,dynamic JSON/HTML/FileResponse,"business_profile, users, warehouses",none detected in handler,index.html:24347 (loadWarehouses); index.html:26428 (handleCreateWarehouse),NOT TESTED
DELETE,/warehouses/{warehouse_id},3985,deactivate_warehouse,AUTHENTICATED,"admin,manager",warehouse_id:int,dynamic JSON/HTML/FileResponse,"users, warehouses",none detected in handler,index.html:26450 (handleDeleteWarehouse),NOT TESTED
PATCH,/warehouses/{warehouse_id},3960,update_warehouse,AUTHENTICATED,"admin,manager",warehouse_id:int; data:WarehouseUpdate,dynamic JSON/HTML/FileResponse,"products, users, warehouse_stocks, warehouses",none detected in handler,index.html:26450 (handleDeleteWarehouse),NOT TESTED
POST,/webhooks/paystack,7119,paystack_webhook,PUBLIC,none,query/path params or none,dynamic JSON/HTML/FileResponse,"business_profile, business_subscriptions, payment_records, paystack_webhook_events, subscription_upgrade_quotes",Paystack,none statically matched,NOT TESTED
