model,table,line,columns,keys,relationships,indexes,constraints
BusinessProfile,business_profile,263,"id: Column(Integer, primary_key=True, index=True) | business_code: Column(String, unique=True, index=True, nullable=False) | company_name: Column(String, default='Cauldra') | email: Column(String, nullable=True) | phone: Column(String, nullable=True) | address: Column(String, nullable=True) | currency: Column(String, default='USD ($)') | tax_id: Column(String, nullable=True) | country: Column(String, nullable=True) | country_code: Column(String, nullable=True) | locale: Column(String, default='en-US') | language: Column(String, default='en') | timezone: Column(String, default='UTC') | phone_country_code: Column(String, nullable=True) | subscription_plan: Column(String, nullable=False, default='starter') | billing_interval: Column(String, nullable=False, default='monthly') | subscription_started_at: Column(SQLDateTime, default=datetime.utcnow, nullable=False) | trial_started_at: Column(SQLDateTime, default=datetime.utcnow, nullable=False) | brain_relationships_checked_at: Column(SQLDateTime, nullable=True) | business_brain_dirty: Column(Boolean, default=True, nullable=False) | business_brain_refreshed_at: Column(SQLDateTime, nullable=True)","id: Column(Integer, primary_key=True, index=True)","users: relationship('User', back_populates='business_rel', cascade='all, delete-orphan')","id, business_code",UNIQUE(business_code)
Warehouse,warehouses,295,"id: Column(Integer, primary_key=True, index=True) | business_id: Column(Integer, ForeignKey('business_profile.id', ondelete='CASCADE'), nullable=False, index=True) | name: Column(String, nullable=False) | is_active: Column(Boolean, default=True, nullable=False) | created_at: Column(SQLDateTime, default=datetime.utcnow, nullable=False) | updated_at: Column(SQLDateTime, default=datetime.utcnow, onupdate=datetime.utcnow, nullable=False)","id: Column(Integer, primary_key=True, index=True) | business_id: Column(Integer, ForeignKey('business_profile.id', ondelete='CASCADE'), nullable=False, index=True)",none declared,"id, business_id",none declared in ORM
User,users,305,"id: Column(Integer, primary_key=True, index=True) | username: Column(String, index=True, nullable=False) | password: Column(String, nullable=False) | previous_password_hash: Column(String, nullable=True) | role: Column(String, nullable=False, default='staff') | firstname: Column(String, nullable=True) | lastname: Column(String, nullable=True) | position: Column(String, nullable=True) | email: Column(String, nullable=False) | phone: Column(String, nullable=False) | business_id: Column(Integer, ForeignKey('business_profile.id', ondelete='CASCADE'), nullable=False) | must_change_password: Column(Boolean, default=False, nullable=False) | disabled: Column(Boolean, default=False, nullable=False) | auth_version: Column(Integer, default=1, nullable=False)","id: Column(Integer, primary_key=True, index=True) | business_id: Column(Integer, ForeignKey('business_profile.id', ondelete='CASCADE'), nullable=False)","business_rel: relationship('BusinessProfile', back_populates='users')","id, username",none declared in ORM
Product,products,325,"id: Column(Integer, primary_key=True, index=True) | sku: Column(String, index=True, nullable=False) | barcode: Column(String, index=True, nullable=True) | name: Column(String, nullable=False) | category: Column(String, nullable=False) | size: Column(String, nullable=True) | quantity: Column(Integer, nullable=False, default=0) | min_stock_level: Column(Integer, nullable=False, default=5) | cost_price: Column(Float, nullable=False, default=0.0) | wholesale_price: Column(Float, default=0.0) | retail_price: Column(Float, nullable=False, default=0.0) | warehouse: Column(String, default='Main Central Warehouse') | initial_stock: Column(Integer, default=0) | created_at: Column(SQLDateTime, default=datetime.utcnow, nullable=False) | expiry_date: Column(SQLDateTime, nullable=True) | seasonal_checked_at: Column(SQLDateTime, nullable=True) | business_id: Column(Integer, ForeignKey('business_profile.id', ondelete='CASCADE'), nullable=False) | owner_id: Column(Integer, ForeignKey('users.id', ondelete='SET NULL'), nullable=True) | client_ref: Column(String, nullable=True, index=True) | synced_at: Column(SQLDateTime, nullable=True)","id: Column(Integer, primary_key=True, index=True) | business_id: Column(Integer, ForeignKey('business_profile.id', ondelete='CASCADE'), nullable=False) | owner_id: Column(Integer, ForeignKey('users.id', ondelete='SET NULL'), nullable=True)",none declared,"id, sku, barcode, client_ref",none declared in ORM
Supplier,suppliers,352,"id: Column(Integer, primary_key=True, index=True) | name: Column(String, nullable=False) | contact_email: Column(String, nullable=True) | phone: Column(String, nullable=False) | lead_time_days: Column(Integer, default=3) | business_id: Column(Integer, ForeignKey('business_profile.id', ondelete='CASCADE'), nullable=False) | owner_id: Column(Integer, ForeignKey('users.id', ondelete='SET NULL'), nullable=True)","id: Column(Integer, primary_key=True, index=True) | business_id: Column(Integer, ForeignKey('business_profile.id', ondelete='CASCADE'), nullable=False) | owner_id: Column(Integer, ForeignKey('users.id', ondelete='SET NULL'), nullable=True)",none declared,id,none declared in ORM
PurchaseOrder,purchase_orders,362,"id: Column(Integer, primary_key=True, index=True) | supplier_id: Column(Integer, ForeignKey('suppliers.id', ondelete='SET NULL'), nullable=True) | status: Column(String, default='DRAFT') | total_estimated_cost: Column(Float, default=0.0) | email_draft: Column(Text) | business_id: Column(Integer, ForeignKey('business_profile.id', ondelete='CASCADE'), nullable=False) | owner_id: Column(Integer, ForeignKey('users.id', ondelete='SET NULL'), nullable=True) | created_at: Column(SQLDateTime, default=datetime.utcnow, nullable=False)","id: Column(Integer, primary_key=True, index=True) | supplier_id: Column(Integer, ForeignKey('suppliers.id', ondelete='SET NULL'), nullable=True) | business_id: Column(Integer, ForeignKey('business_profile.id', ondelete='CASCADE'), nullable=False) | owner_id: Column(Integer, ForeignKey('users.id', ondelete='SET NULL'), nullable=True)",none declared,id,none declared in ORM
Expense,expenses,373,"id: Column(Integer, primary_key=True, index=True) | business_id: Column(Integer, ForeignKey('business_profile.id', ondelete='CASCADE'), nullable=False, index=True) | category: Column(String, nullable=False) | amount: Column(Float, nullable=False) | payment_source: Column(String, nullable=True) | note: Column(String, nullable=True) | owner_id: Column(Integer, ForeignKey('users.id', ondelete='SET NULL'), nullable=True) | created_at: Column(SQLDateTime, default=datetime.utcnow, nullable=False, index=True) | client_ref: Column(String, nullable=True, index=True) | synced_at: Column(SQLDateTime, nullable=True) | business_day_id: Column(Integer, ForeignKey('business_days.id', ondelete='SET NULL'), nullable=True, index=True)","id: Column(Integer, primary_key=True, index=True) | business_id: Column(Integer, ForeignKey('business_profile.id', ondelete='CASCADE'), nullable=False, index=True) | owner_id: Column(Integer, ForeignKey('users.id', ondelete='SET NULL'), nullable=True) | business_day_id: Column(Integer, ForeignKey('business_days.id', ondelete='SET NULL'), nullable=True, index=True)",none declared,"id, business_id, created_at, client_ref, business_day_id",none declared in ORM
WarehouseStock,warehouse_stocks,408,"id: Column(Integer, primary_key=True, index=True) | business_id: Column(Integer, ForeignKey('business_profile.id', ondelete='CASCADE'), nullable=False, index=True) | product_id: Column(Integer, ForeignKey('products.id', ondelete='CASCADE'), nullable=False, index=True) | warehouse: Column(String, nullable=False) | quantity: Column(Integer, nullable=False, default=0) | created_at: Column(SQLDateTime, default=datetime.utcnow, nullable=False) | updated_at: Column(SQLDateTime, default=datetime.utcnow, onupdate=datetime.utcnow, nullable=False)","id: Column(Integer, primary_key=True, index=True) | business_id: Column(Integer, ForeignKey('business_profile.id', ondelete='CASCADE'), nullable=False, index=True) | product_id: Column(Integer, ForeignKey('products.id', ondelete='CASCADE'), nullable=False, index=True)",none declared,"id, business_id, product_id",none declared in ORM
ProductDeletionRequest,product_deletion_requests,418,"id: Column(Integer, primary_key=True, index=True) | business_id: Column(Integer, ForeignKey('business_profile.id', ondelete='CASCADE'), nullable=False, index=True) | product_id: Column(Integer, ForeignKey('products.id', ondelete='SET NULL'), nullable=True) | product_name: Column(String, nullable=False) | requested_by_id: Column(Integer, ForeignKey('users.id', ondelete='SET NULL'), nullable=True) | requested_by_name: Column(String, nullable=False) | status: Column(String, nullable=False, default='PENDING', index=True) | reason: Column(Text, nullable=True) | resolved_by_id: Column(Integer, ForeignKey('users.id', ondelete='SET NULL'), nullable=True) | resolved_by_name: Column(String, nullable=True) | created_at: Column(SQLDateTime, default=datetime.utcnow, nullable=False) | resolved_at: Column(SQLDateTime, nullable=True)","id: Column(Integer, primary_key=True, index=True) | business_id: Column(Integer, ForeignKey('business_profile.id', ondelete='CASCADE'), nullable=False, index=True) | product_id: Column(Integer, ForeignKey('products.id', ondelete='SET NULL'), nullable=True) | requested_by_id: Column(Integer, ForeignKey('users.id', ondelete='SET NULL'), nullable=True) | resolved_by_id: Column(Integer, ForeignKey('users.id', ondelete='SET NULL'), nullable=True)",none declared,"id, business_id, status",none declared in ORM
SaleModel,sales,433,"id: Column(Integer, primary_key=True, index=True) | business_id: Column(Integer, ForeignKey('business_profile.id', ondelete='CASCADE'), nullable=False) | product_id: Column(Integer, ForeignKey('products.id', ondelete='SET NULL'), nullable=True) | quantity: Column(Integer, default=0) | total_price: Column(Float, default=0.0) | unit_cost_at_sale: Column(Float, nullable=True) | timestamp: Column(SQLDateTime, default=datetime.utcnow, nullable=False) | client_ref: Column(String, nullable=True, index=True) | synced_at: Column(SQLDateTime, nullable=True) | business_day_id: Column(Integer, ForeignKey('business_days.id', ondelete='SET NULL'), nullable=True, index=True)","id: Column(Integer, primary_key=True, index=True) | business_id: Column(Integer, ForeignKey('business_profile.id', ondelete='CASCADE'), nullable=False) | product_id: Column(Integer, ForeignKey('products.id', ondelete='SET NULL'), nullable=True) | business_day_id: Column(Integer, ForeignKey('business_days.id', ondelete='SET NULL'), nullable=True, index=True)",none declared,"id, client_ref, business_day_id",none declared in ORM
BusinessDay,business_days,461,"id: Column(Integer, primary_key=True, index=True) | business_id: Column(Integer, ForeignKey('business_profile.id', ondelete='CASCADE'), nullable=False, index=True) | date: Column(String, nullable=False, index=True) | opened_at: Column(SQLDateTime, default=datetime.utcnow, nullable=False) | closed_at: Column(SQLDateTime, nullable=True) | is_open: Column(Boolean, default=True, nullable=False) | status: Column(String, default='OPEN', nullable=False) | opened_by_id: Column(Integer, ForeignKey('users.id', ondelete='SET NULL'), nullable=True) | opened_by_name: Column(String, nullable=True) | opened_by_role: Column(String, nullable=True) | closed_by_id: Column(Integer, ForeignKey('users.id', ondelete='SET NULL'), nullable=True) | closed_by_name: Column(String, nullable=True) | closed_by_role: Column(String, nullable=True) | reopen_count: Column(Integer, default=0, nullable=False)","id: Column(Integer, primary_key=True, index=True) | business_id: Column(Integer, ForeignKey('business_profile.id', ondelete='CASCADE'), nullable=False, index=True) | opened_by_id: Column(Integer, ForeignKey('users.id', ondelete='SET NULL'), nullable=True) | closed_by_id: Column(Integer, ForeignKey('users.id', ondelete='SET NULL'), nullable=True)",none declared,"id, business_id, date",none declared in ORM
BusinessDayReopenRequest,business_day_reopen_requests,507,"id: Column(Integer, primary_key=True, index=True) | business_id: Column(Integer, ForeignKey('business_profile.id', ondelete='CASCADE'), nullable=False, index=True) | business_day_id: Column(Integer, ForeignKey('business_days.id', ondelete='CASCADE'), nullable=False, index=True) | reason: Column(Text, nullable=False) | requested_by_id: Column(Integer, ForeignKey('users.id', ondelete='SET NULL'), nullable=True) | requested_by_name: Column(String, nullable=True) | requested_by_role: Column(String, nullable=True) | status: Column(String, default='PENDING', nullable=False, index=True) | resolved_by_id: Column(Integer, ForeignKey('users.id', ondelete='SET NULL'), nullable=True) | resolved_by_name: Column(String, nullable=True) | resolution_note: Column(Text, nullable=True) | resolved_at: Column(SQLDateTime, nullable=True) | created_at: Column(SQLDateTime, default=datetime.utcnow, nullable=False)","id: Column(Integer, primary_key=True, index=True) | business_id: Column(Integer, ForeignKey('business_profile.id', ondelete='CASCADE'), nullable=False, index=True) | business_day_id: Column(Integer, ForeignKey('business_days.id', ondelete='CASCADE'), nullable=False, index=True) | requested_by_id: Column(Integer, ForeignKey('users.id', ondelete='SET NULL'), nullable=True) | resolved_by_id: Column(Integer, ForeignKey('users.id', ondelete='SET NULL'), nullable=True)",none declared,"id, business_id, business_day_id, status",none declared in ORM
SaleAdjustment,sale_adjustments,529,"id: Column(Integer, primary_key=True, index=True) | business_id: Column(Integer, ForeignKey('business_profile.id', ondelete='CASCADE'), nullable=False, index=True) | sale_id: Column(Integer, ForeignKey('sales.id', ondelete='CASCADE'), nullable=False, index=True) | quantity_delta: Column(Integer, default=0, nullable=False) | amount_delta: Column(Float, default=0.0, nullable=False) | reason: Column(Text, nullable=False) | created_by_id: Column(Integer, ForeignKey('users.id', ondelete='SET NULL'), nullable=True) | created_by_name: Column(String, nullable=True) | created_by_role: Column(String, nullable=True) | created_at: Column(SQLDateTime, default=datetime.utcnow, nullable=False)","id: Column(Integer, primary_key=True, index=True) | business_id: Column(Integer, ForeignKey('business_profile.id', ondelete='CASCADE'), nullable=False, index=True) | sale_id: Column(Integer, ForeignKey('sales.id', ondelete='CASCADE'), nullable=False, index=True) | created_by_id: Column(Integer, ForeignKey('users.id', ondelete='SET NULL'), nullable=True)",none declared,"id, business_id, sale_id",none declared in ORM
ExpenseAdjustment,expense_adjustments,545,"id: Column(Integer, primary_key=True, index=True) | business_id: Column(Integer, ForeignKey('business_profile.id', ondelete='CASCADE'), nullable=False, index=True) | expense_id: Column(Integer, ForeignKey('expenses.id', ondelete='CASCADE'), nullable=False, index=True) | amount_delta: Column(Float, default=0.0, nullable=False) | reason: Column(Text, nullable=False) | created_by_id: Column(Integer, ForeignKey('users.id', ondelete='SET NULL'), nullable=True) | created_by_name: Column(String, nullable=True) | created_by_role: Column(String, nullable=True) | created_at: Column(SQLDateTime, default=datetime.utcnow, nullable=False)","id: Column(Integer, primary_key=True, index=True) | business_id: Column(Integer, ForeignKey('business_profile.id', ondelete='CASCADE'), nullable=False, index=True) | expense_id: Column(Integer, ForeignKey('expenses.id', ondelete='CASCADE'), nullable=False, index=True) | created_by_id: Column(Integer, ForeignKey('users.id', ondelete='SET NULL'), nullable=True)",none declared,"id, business_id, expense_id",none declared in ORM
Alert,alerts,558,"id: Column(Integer, primary_key=True, index=True) | business_id: Column(Integer, ForeignKey('business_profile.id', ondelete='CASCADE'), nullable=False, index=True) | type: Column(String, nullable=False) | title: Column(String, nullable=False) | message: Column(Text, nullable=False) | severity: Column(String, default='info') | created_at: Column(SQLDateTime, default=datetime.utcnow, nullable=False) | expires_at: Column(SQLDateTime, nullable=True)","id: Column(Integer, primary_key=True, index=True) | business_id: Column(Integer, ForeignKey('business_profile.id', ondelete='CASCADE'), nullable=False, index=True)",none declared,"id, business_id",none declared in ORM
AlertRead,alert_reads,569,"id: Column(Integer, primary_key=True, index=True) | alert_id: Column(Integer, ForeignKey('alerts.id', ondelete='CASCADE'), nullable=False) | user_id: Column(Integer, ForeignKey('users.id', ondelete='CASCADE'), nullable=False) | read_at: Column(SQLDateTime, default=datetime.utcnow, nullable=False)","id: Column(Integer, primary_key=True, index=True) | alert_id: Column(Integer, ForeignKey('alerts.id', ondelete='CASCADE'), nullable=False) | user_id: Column(Integer, ForeignKey('users.id', ondelete='CASCADE'), nullable=False)",none declared,id,none declared in ORM
AuditLog,audit_logs,576,"id: Column(Integer, primary_key=True, index=True) | business_id: Column(Integer, ForeignKey('business_profile.id', ondelete='CASCADE'), nullable=False, index=True) | actor_user_id: Column(Integer, ForeignKey('users.id', ondelete='SET NULL'), nullable=True) | actor_username: Column(String, nullable=True) | actor_role: Column(String, nullable=True) | action: Column(String, nullable=False) | target_user_id: Column(Integer, ForeignKey('users.id', ondelete='SET NULL'), nullable=True) | target_username: Column(String, nullable=True) | description: Column(Text, nullable=False) | created_at: Column(SQLDateTime, default=datetime.utcnow, nullable=False) | business_day_id: Column(Integer, ForeignKey('business_days.id', ondelete='SET NULL'), nullable=True, index=True) | metadata_json: Column(Text, nullable=True)","id: Column(Integer, primary_key=True, index=True) | business_id: Column(Integer, ForeignKey('business_profile.id', ondelete='CASCADE'), nullable=False, index=True) | actor_user_id: Column(Integer, ForeignKey('users.id', ondelete='SET NULL'), nullable=True) | target_user_id: Column(Integer, ForeignKey('users.id', ondelete='SET NULL'), nullable=True) | business_day_id: Column(Integer, ForeignKey('business_days.id', ondelete='SET NULL'), nullable=True, index=True)",none declared,"id, business_id, business_day_id",none declared in ORM
AccountActionRequest,account_action_requests,599,"id: Column(Integer, primary_key=True, index=True) | business_id: Column(Integer, ForeignKey('business_profile.id', ondelete='CASCADE'), nullable=False, index=True) | target_user_id: Column(Integer, ForeignKey('users.id', ondelete='SET NULL'), nullable=True) | target_username: Column(String, nullable=False) | target_position: Column(String, nullable=True) | action: Column(String, nullable=False) | requested_by_id: Column(Integer, ForeignKey('users.id', ondelete='SET NULL'), nullable=True) | requested_by_name: Column(String, nullable=True) | requested_by_position: Column(String, nullable=True) | status: Column(String, default='PENDING', nullable=False, index=True) | resolved_by_id: Column(Integer, ForeignKey('users.id', ondelete='SET NULL'), nullable=True) | resolved_by_name: Column(String, nullable=True) | resolved_at: Column(SQLDateTime, nullable=True) | created_at: Column(SQLDateTime, default=datetime.utcnow, nullable=False)","id: Column(Integer, primary_key=True, index=True) | business_id: Column(Integer, ForeignKey('business_profile.id', ondelete='CASCADE'), nullable=False, index=True) | target_user_id: Column(Integer, ForeignKey('users.id', ondelete='SET NULL'), nullable=True) | requested_by_id: Column(Integer, ForeignKey('users.id', ondelete='SET NULL'), nullable=True) | resolved_by_id: Column(Integer, ForeignKey('users.id', ondelete='SET NULL'), nullable=True)",none declared,"id, business_id, status",none declared in ORM
SessionRevocation,session_revocations,618,"id: Column(Integer, primary_key=True, index=True) | jti: Column(String, unique=True, index=True, nullable=False) | user_id: Column(Integer, ForeignKey('users.id', ondelete='CASCADE'), nullable=True) | expires_at: Column(SQLDateTime, nullable=False) | revoked_at: Column(SQLDateTime, default=datetime.utcnow, nullable=False)","id: Column(Integer, primary_key=True, index=True) | user_id: Column(Integer, ForeignKey('users.id', ondelete='CASCADE'), nullable=True)",none declared,"id, jti",UNIQUE(jti)
RefreshSession,refresh_sessions,626,"id: Column(Integer, primary_key=True, index=True) | token_hash: Column(String, unique=True, index=True, nullable=False) | user_id: Column(Integer, ForeignKey('users.id', ondelete='SET NULL'), nullable=True) | business_id: Column(Integer, ForeignKey('business_profile.id', ondelete='CASCADE'), nullable=False, index=True) | expires_at: Column(SQLDateTime, nullable=False) | revoked_at: Column(SQLDateTime, nullable=True) | created_at: Column(SQLDateTime, default=datetime.utcnow, nullable=False) | replaced_by_hash: Column(String, nullable=True)","id: Column(Integer, primary_key=True, index=True) | user_id: Column(Integer, ForeignKey('users.id', ondelete='SET NULL'), nullable=True) | business_id: Column(Integer, ForeignKey('business_profile.id', ondelete='CASCADE'), nullable=False, index=True)",none declared,"id, token_hash, business_id",UNIQUE(token_hash)
AuthFailure,auth_failures,637,"id: Column(Integer, primary_key=True, index=True) | scope: Column(String, index=True, nullable=False) | key_hash: Column(String, index=True, nullable=False) | failures: Column(Integer, default=0, nullable=False) | window_started_at: Column(SQLDateTime, default=datetime.utcnow, nullable=False) | locked_until: Column(SQLDateTime, nullable=True)","id: Column(Integer, primary_key=True, index=True)",none declared,"id, scope, key_hash",none declared in ORM
PasswordRecovery,password_recoveries,646,"id: Column(Integer, primary_key=True, index=True) | recovery_id: Column(String, unique=True, index=True, nullable=False) | user_id: Column(Integer, ForeignKey('users.id', ondelete='CASCADE'), nullable=False) | channel: Column(String, nullable=False) | code_hash: Column(String, nullable=False) | expires_at: Column(SQLDateTime, nullable=False) | resend_after: Column(SQLDateTime, nullable=False) | attempts: Column(Integer, default=0, nullable=False) | used: Column(Boolean, default=False, nullable=False) | created_at: Column(SQLDateTime, default=datetime.utcnow, nullable=False)","id: Column(Integer, primary_key=True, index=True) | user_id: Column(Integer, ForeignKey('users.id', ondelete='CASCADE'), nullable=False)",none declared,"id, recovery_id",UNIQUE(recovery_id)
PresenceSession,presence_sessions,659,"id: Column(Integer, primary_key=True, index=True) | session_id: Column(String, unique=True, index=True, nullable=False) | business_id: Column(Integer, ForeignKey('business_profile.id', ondelete='CASCADE'), nullable=False) | user_id: Column(Integer, ForeignKey('users.id', ondelete='CASCADE'), nullable=False) | signed_in_at: Column(SQLDateTime, default=datetime.utcnow, nullable=False) | last_seen_at: Column(SQLDateTime, default=datetime.utcnow, nullable=False) | signed_out_at: Column(SQLDateTime, nullable=True)","id: Column(Integer, primary_key=True, index=True) | business_id: Column(Integer, ForeignKey('business_profile.id', ondelete='CASCADE'), nullable=False) | user_id: Column(Integer, ForeignKey('users.id', ondelete='CASCADE'), nullable=False)",none declared,"id, session_id",UNIQUE(session_id)
PriceMonitorSource,price_monitor_sources,669,"id: Column(Integer, primary_key=True, index=True) | business_id: Column(Integer, ForeignKey('business_profile.id', ondelete='CASCADE'), nullable=False) | supplier_id: Column(Integer, ForeignKey('suppliers.id', ondelete='SET NULL'), nullable=True) | product_id: Column(Integer, ForeignKey('products.id', ondelete='SET NULL'), nullable=True) | source_type: Column(String, nullable=False) | source_url: Column(String, nullable=True) | last_price: Column(Float, nullable=True) | last_checked_at: Column(SQLDateTime, nullable=True) | created_at: Column(SQLDateTime, default=datetime.utcnow, nullable=False)","id: Column(Integer, primary_key=True, index=True) | business_id: Column(Integer, ForeignKey('business_profile.id', ondelete='CASCADE'), nullable=False) | supplier_id: Column(Integer, ForeignKey('suppliers.id', ondelete='SET NULL'), nullable=True) | product_id: Column(Integer, ForeignKey('products.id', ondelete='SET NULL'), nullable=True)",none declared,id,none declared in ORM
PriceHistory,price_history,681,"id: Column(Integer, primary_key=True, index=True) | source_id: Column(Integer, ForeignKey('price_monitor_sources.id', ondelete='CASCADE'), nullable=False) | price: Column(Float, nullable=False) | recorded_at: Column(SQLDateTime, default=datetime.utcnow, nullable=False)","id: Column(Integer, primary_key=True, index=True) | source_id: Column(Integer, ForeignKey('price_monitor_sources.id', ondelete='CASCADE'), nullable=False)",none declared,id,none declared in ORM
BusinessBrainPrediction,business_brain_predictions,692,"id: Column(Integer, primary_key=True, index=True) | business_id: Column(Integer, ForeignKey('business_profile.id', ondelete='CASCADE'), nullable=False, index=True) | product_id: Column(Integer, ForeignKey('products.id', ondelete='CASCADE'), nullable=False, index=True) | kind: Column(String, nullable=False, default='velocity') | forecast_at: Column(SQLDateTime, default=datetime.utcnow, nullable=False, index=True) | target_at: Column(SQLDateTime, nullable=False, index=True) | horizon_days: Column(Integer, nullable=False, default=7) | predicted_units: Column(Float, nullable=False) | confidence: Column(Float, nullable=False) | evidence_json: Column(Text, nullable=False, default='{}') | model_version: Column(String, nullable=False, default='brain-v1') | actual_units: Column(Float, nullable=True) | accuracy_score: Column(Float, nullable=True) | evaluated_at: Column(SQLDateTime, nullable=True)","id: Column(Integer, primary_key=True, index=True) | business_id: Column(Integer, ForeignKey('business_profile.id', ondelete='CASCADE'), nullable=False, index=True) | product_id: Column(Integer, ForeignKey('products.id', ondelete='CASCADE'), nullable=False, index=True)",none declared,"id, business_id, product_id, forecast_at, target_at",none declared in ORM
BusinessBrainRecommendation,business_brain_recommendations,709,"id: Column(Integer, primary_key=True, index=True) | business_id: Column(Integer, ForeignKey('business_profile.id', ondelete='CASCADE'), nullable=False, index=True) | product_id: Column(Integer, ForeignKey('products.id', ondelete='CASCADE'), nullable=True, index=True) | fingerprint: Column(String, nullable=False) | kind: Column(String, nullable=False, index=True) | priority: Column(String, nullable=False, default='important') | title: Column(String, nullable=False) | summary: Column(Text, nullable=False) | evidence_json: Column(Text, nullable=False, default='{}') | status: Column(String, nullable=False, default='new', index=True) | opened_at: Column(SQLDateTime, nullable=True) | acted_at: Column(SQLDateTime, nullable=True) | dismissed_at: Column(SQLDateTime, nullable=True) | created_at: Column(SQLDateTime, default=datetime.utcnow, nullable=False) | updated_at: Column(SQLDateTime, default=datetime.utcnow, onupdate=datetime.utcnow, nullable=False)","id: Column(Integer, primary_key=True, index=True) | business_id: Column(Integer, ForeignKey('business_profile.id', ondelete='CASCADE'), nullable=False, index=True) | product_id: Column(Integer, ForeignKey('products.id', ondelete='CASCADE'), nullable=True, index=True)",none declared,"id, business_id, product_id, kind, status",none declared in ORM
BusinessBrainMemory,business_brain_memories,728,"id: Column(Integer, primary_key=True, index=True) | business_id: Column(Integer, ForeignKey('business_profile.id', ondelete='CASCADE'), nullable=False, index=True) | product_id: Column(Integer, ForeignKey('products.id', ondelete='CASCADE'), nullable=True, index=True) | fingerprint: Column(String, nullable=False) | statement: Column(Text, nullable=False) | evidence_json: Column(Text, nullable=False, default='{}') | confidence: Column(Float, nullable=False) | last_observed_at: Column(SQLDateTime, nullable=False) | created_at: Column(SQLDateTime, default=datetime.utcnow, nullable=False) | updated_at: Column(SQLDateTime, default=datetime.utcnow, onupdate=datetime.utcnow, nullable=False)","id: Column(Integer, primary_key=True, index=True) | business_id: Column(Integer, ForeignKey('business_profile.id', ondelete='CASCADE'), nullable=False, index=True) | product_id: Column(Integer, ForeignKey('products.id', ondelete='CASCADE'), nullable=True, index=True)",none declared,"id, business_id, product_id",none declared in ORM
BusinessBrainSeasonalPattern,business_brain_seasonal_patterns,747,"id: Column(Integer, primary_key=True, index=True) | business_id: Column(Integer, ForeignKey('business_profile.id', ondelete='CASCADE'), nullable=False, index=True) | product_id: Column(Integer, ForeignKey('products.id', ondelete='CASCADE'), nullable=False, index=True) | week_of_year: Column(Integer, nullable=False) | cycles_observed: Column(Integer, nullable=False) | avg_units_in_week: Column(Float, nullable=False) | baseline_avg_units: Column(Float, nullable=False) | lift_ratio: Column(Float, nullable=False) | consistency: Column(Float, nullable=False) | confidence: Column(Float, nullable=False) | last_computed_at: Column(SQLDateTime, default=datetime.utcnow, nullable=False)","id: Column(Integer, primary_key=True, index=True) | business_id: Column(Integer, ForeignKey('business_profile.id', ondelete='CASCADE'), nullable=False, index=True) | product_id: Column(Integer, ForeignKey('products.id', ondelete='CASCADE'), nullable=False, index=True)",none declared,"id, business_id, product_id",none declared in ORM
BusinessBrainRelationship,business_brain_relationships,767,"id: Column(Integer, primary_key=True, index=True) | business_id: Column(Integer, ForeignKey('business_profile.id', ondelete='CASCADE'), nullable=False, index=True) | product_a_id: Column(Integer, ForeignKey('products.id', ondelete='CASCADE'), nullable=False, index=True) | product_b_id: Column(Integer, ForeignKey('products.id', ondelete='CASCADE'), nullable=False, index=True) | overlapping_weeks: Column(Integer, nullable=False) | correlation: Column(Float, nullable=False) | confidence: Column(Float, nullable=False) | last_computed_at: Column(SQLDateTime, default=datetime.utcnow, nullable=False)","id: Column(Integer, primary_key=True, index=True) | business_id: Column(Integer, ForeignKey('business_profile.id', ondelete='CASCADE'), nullable=False, index=True) | product_a_id: Column(Integer, ForeignKey('products.id', ondelete='CASCADE'), nullable=False, index=True) | product_b_id: Column(Integer, ForeignKey('products.id', ondelete='CASCADE'), nullable=False, index=True)",none declared,"id, business_id, product_a_id, product_b_id",none declared in ORM
GeneralCatalog,general_catalog,779,"id: Column(Integer, primary_key=True, index=True) | barcode: Column(String, unique=True, nullable=True, index=True) | catalog_key: Column(String, unique=True, index=True, nullable=False, default='legacy') | product_name: Column(String, nullable=False) | category: Column(String, nullable=False, default='General') | brand: Column(String, nullable=True) | created_at: Column(SQLDateTime, default=datetime.utcnow, nullable=False) | updated_at: Column(SQLDateTime, default=datetime.utcnow, onupdate=datetime.utcnow, nullable=False)","id: Column(Integer, primary_key=True, index=True)",none declared,"id, barcode, catalog_key","UNIQUE(barcode), UNIQUE(catalog_key)"
StoredUpload,stored_uploads,790,"id: Column(Integer, primary_key=True, index=True) | business_id: Column(Integer, ForeignKey('business_profile.id', ondelete='CASCADE'), nullable=False, index=True) | uploaded_by_id: Column(Integer, ForeignKey('users.id', ondelete='SET NULL'), nullable=True, index=True) | kind: Column(String, nullable=False, index=True) | original_name: Column(String, nullable=False) | storage_key: Column(String, unique=True, nullable=False, index=True) | content_type: Column(String, nullable=False) | size_bytes: Column(Integer, nullable=False) | content_hash: Column(String, nullable=False, index=True) | created_at: Column(SQLDateTime, default=datetime.utcnow, nullable=False)","id: Column(Integer, primary_key=True, index=True) | business_id: Column(Integer, ForeignKey('business_profile.id', ondelete='CASCADE'), nullable=False, index=True) | uploaded_by_id: Column(Integer, ForeignKey('users.id', ondelete='SET NULL'), nullable=True, index=True)",none declared,"id, business_id, uploaded_by_id, kind, storage_key, content_hash",UNIQUE(storage_key)
AIUsageLedger,ai_usage_ledger,808,"id: Column(Integer, primary_key=True, index=True) | business_id: Column(Integer, ForeignKey('business_profile.id', ondelete='CASCADE'), nullable=False, index=True) | user_id: Column(Integer, ForeignKey('users.id', ondelete='SET NULL'), nullable=True, index=True) | operation_type: Column(String, nullable=False, index=True) | credits_consumed: Column(Integer, nullable=False, default=0) | billing_period: Column(String, nullable=False, index=True) | provider: Column(String, nullable=True) | model: Column(String, nullable=True) | success: Column(Boolean, nullable=False, default=False) | input_tokens: Column(Integer, nullable=True) | output_tokens: Column(Integer, nullable=True) | estimated_provider_cost: Column(Float, nullable=True) | created_at: Column(SQLDateTime, default=datetime.utcnow, nullable=False)","id: Column(Integer, primary_key=True, index=True) | business_id: Column(Integer, ForeignKey('business_profile.id', ondelete='CASCADE'), nullable=False, index=True) | user_id: Column(Integer, ForeignKey('users.id', ondelete='SET NULL'), nullable=True, index=True)",none declared,"id, business_id, user_id, operation_type, billing_period",none declared in ORM
BusinessSubscription,business_subscriptions,825,"id: Column(Integer, primary_key=True, index=True) | business_id: Column(Integer, ForeignKey('business_profile.id', ondelete='CASCADE'), nullable=False, unique=True, index=True) | plan: Column(String, nullable=False) | billing_interval: Column(String, nullable=False) | status: Column(String, nullable=False, default='trialing', index=True) | trial_start_at: Column(SQLDateTime, nullable=True) | trial_end_at: Column(SQLDateTime, nullable=True) | paid_at: Column(SQLDateTime, nullable=True) | current_period_start: Column(SQLDateTime, nullable=True) | current_period_end: Column(SQLDateTime, nullable=True) | next_billing_at: Column(SQLDateTime, nullable=True) | paystack_customer_code: Column(String, nullable=True) | paystack_subscription_code: Column(String, nullable=True) | paystack_plan_code: Column(String, nullable=True) | latest_transaction_reference: Column(String, nullable=True) | payment_status: Column(String, nullable=True) | cancelled_at: Column(SQLDateTime, nullable=True) | card_verified: Column(Boolean, nullable=False, default=False) | paystack_authorization_code: Column(String, nullable=True) | card_last4: Column(String, nullable=True) | card_type: Column(String, nullable=True) | card_exp_month: Column(String, nullable=True) | card_exp_year: Column(String, nullable=True) | trial_consent_at: Column(SQLDateTime, nullable=True) | grace_period_ends_at: Column(SQLDateTime, nullable=True) | cancel_at_period_end: Column(Boolean, nullable=False, default=False) | pending_downgrade_plan: Column(String, nullable=True) | pending_downgrade_billing_interval: Column(String, nullable=True) | pending_downgrade_effective_at: Column(SQLDateTime, nullable=True) | pending_downgrade_requested_at: Column(SQLDateTime, nullable=True) | pending_downgrade_requested_by_user_id: Column(Integer, nullable=True) | pending_downgrade_paystack_subscription_code: Column(String, nullable=True) | created_at: Column(SQLDateTime, default=datetime.utcnow, nullable=False) | updated_at: Column(SQLDateTime, default=datetime.utcnow, onupdate=datetime.utcnow, nullable=False)","id: Column(Integer, primary_key=True, index=True) | business_id: Column(Integer, ForeignKey('business_profile.id', ondelete='CASCADE'), nullable=False, unique=True, index=True)",none declared,"id, business_id, status",UNIQUE(business_id)
PaymentRecord,payment_records,866,"id: Column(Integer, primary_key=True, index=True) | business_id: Column(Integer, ForeignKey('business_profile.id', ondelete='CASCADE'), nullable=False, index=True) | subscription_id: Column(Integer, ForeignKey('business_subscriptions.id', ondelete='SET NULL'), nullable=True, index=True) | plan: Column(String, nullable=False) | billing_interval: Column(String, nullable=False) | amount_kobo: Column(Integer, nullable=False) | currency: Column(String, nullable=False, default='NGN') | paystack_reference: Column(String, nullable=False, unique=True, index=True) | status: Column(String, nullable=False, default='initialized', index=True) | transaction_metadata: Column(Text, nullable=True) | purpose: Column(String, nullable=False, default='subscription') | refunded_at: Column(SQLDateTime, nullable=True) | paid_at: Column(SQLDateTime, nullable=True) | created_at: Column(SQLDateTime, default=datetime.utcnow, nullable=False)","id: Column(Integer, primary_key=True, index=True) | business_id: Column(Integer, ForeignKey('business_profile.id', ondelete='CASCADE'), nullable=False, index=True) | subscription_id: Column(Integer, ForeignKey('business_subscriptions.id', ondelete='SET NULL'), nullable=True, index=True)",none declared,"id, business_id, subscription_id, paystack_reference, status",UNIQUE(paystack_reference)
PaystackWebhookEvent,paystack_webhook_events,883,"id: Column(Integer, primary_key=True, index=True) | event_key: Column(String, nullable=False, unique=True, index=True) | event_type: Column(String, nullable=False) | received_at: Column(SQLDateTime, default=datetime.utcnow, nullable=False)","id: Column(Integer, primary_key=True, index=True)",none declared,"id, event_key",UNIQUE(event_key)
OnboardingAuthorization,onboarding_authorizations,890,"id: Column(Integer, primary_key=True, index=True) | paystack_reference: Column(String, unique=True, index=True, nullable=False) | email: Column(String, nullable=False) | plan: Column(String, nullable=False) | billing_interval: Column(String, nullable=False) | amount_kobo: Column(Integer, nullable=False) | status: Column(String, nullable=False, default='initialized', index=True) | paystack_customer_code: Column(String, nullable=True) | paystack_authorization_code: Column(String, nullable=True) | card_last4: Column(String, nullable=True) | card_type: Column(String, nullable=True) | card_exp_month: Column(String, nullable=True) | card_exp_year: Column(String, nullable=True) | verified_at: Column(SQLDateTime, nullable=True) | refunded_at: Column(SQLDateTime, nullable=True) | consumed_at: Column(SQLDateTime, nullable=True) | expires_at: Column(SQLDateTime, nullable=False) | created_at: Column(SQLDateTime, default=datetime.utcnow, nullable=False)","id: Column(Integer, primary_key=True, index=True)",none declared,"id, paystack_reference, status",UNIQUE(paystack_reference)
SubscriptionUpgradeQuote,subscription_upgrade_quotes,927,"id: Column(Integer, primary_key=True, index=True) | quote_reference: Column(String, unique=True, index=True, nullable=False) | business_id: Column(Integer, ForeignKey('business_profile.id', ondelete='CASCADE'), nullable=False, index=True) | from_plan: Column(String, nullable=False) | from_interval: Column(String, nullable=False) | to_plan: Column(String, nullable=False) | to_interval: Column(String, nullable=False) | current_price_kobo: Column(Integer, nullable=False) | new_price_kobo: Column(Integer, nullable=False) | unused_credit_kobo: Column(Integer, nullable=False) | amount_due_kobo: Column(Integer, nullable=False) | current_period_end_snapshot: Column(SQLDateTime, nullable=False) | status: Column(String, nullable=False, default='issued', index=True) | paystack_reference: Column(String, nullable=True, index=True) | expires_at: Column(SQLDateTime, nullable=False) | consumed_at: Column(SQLDateTime, nullable=True) | created_at: Column(SQLDateTime, default=datetime.utcnow, nullable=False)","id: Column(Integer, primary_key=True, index=True) | business_id: Column(Integer, ForeignKey('business_profile.id', ondelete='CASCADE'), nullable=False, index=True)",none declared,"id, quote_reference, business_id, status, paystack_reference",UNIQUE(quote_reference)
